P(xi=1|Ai_label=1),0.025,0.05,0.075,0.1,0.125,0.15,0.175,0.2,0.225,0.25,0.275,0.3,0.325,0.35,0.375,0.4,0.425,0.45,0.475,0.525,0.55,0.575,0.6,0.625,0.65,0.675,0.7,0.725,0.75,0.775,0.8,0.825,0.85,0.875,0.9,0.925,0.95,0.975,Label
A1,0,0,0,0,1,0,0,0,1,0,0,1,0,1,0,0,1,0,0,1,1,0,0,1,1,1,1,0,1,1,1,1,1,1,1,0,1,1,1
A2,0,0,0,0,0,1,0,1,0,0,1,0,0,0,0,0,0,0,1,0,1,0,0,1,1,1,1,1,0,1,0,1,1,1,1,0,1,1,1
A3,1,1,1,0,1,1,1,1,1,0,1,1,1,1,0,0,1,1,1,1,1,0,0,0,0,0,0,0,1,0,0,0,0,0,0,0,0,0,0
A4,1,1,1,1,1,1,0,1,1,1,1,0,1,1,1,0,1,1,1,1,0,1,1,1,0,0,1,1,0,1,0,0,0,0,0,0,0,0,0
A5,1,1,1,1,1,0,1,0,0,0,1,0,1,1,1,1,0,0,0,1,0,1,1,0,0,1,0,1,0,0,0,1,0,0,0,0,0,0,0
A6,0,0,0,0,0,0,0,0,1,0,1,1,0,0,0,0,1,1,0,0,0,1,0,1,1,1,0,1,1,1,1,1,1,1,1,0,1,1,1
A7,0,0,0,0,0,0,1,1,0,0,1,0,0,0,0,0,1,0,0,1,1,1,0,1,0,0,1,1,1,1,1,1,1,0,1,0,1,1,1
A8,0,0,0,0,1,1,0,1,1,0,0,1,1,1,0,1,1,1,1,0,0,1,1,1,1,1,1,1,1,1,1,1,1,0,0,0,1,1,1
A9,1,1,1,0,1,1,1,1,1,1,1,1,1,1,1,0,1,1,0,1,0,0,1,0,0,0,0,0,0,0,0,1,0,0,0,0,0,0,0
A10,1,1,1,1,1,1,1,1,1,0,0,1,1,0,1,0,0,0,1,0,1,1,1,0,0,1,0,0,0,0,0,0,0,1,0,0,0,0,0
A11,1,1,1,1,0,1,1,0,1,1,1,1,1,1,1,1,0,0,0,0,0,0,1,0,0,0,1,1,0,0,0,0,0,0,0,0,0,0,0
A12,0,0,0,0,0,1,0,0,0,0,1,1,0,0,0,1,0,1,0,0,0,1,0,0,1,1,1,1,1,1,0,1,1,1,1,0,1,1,1
A13,1,1,1,1,1,0,1,1,1,1,1,1,0,1,1,0,0,1,0,0,0,1,0,0,1,0,0,1,0,0,0,0,0,0,0,0,0,0,0
A14,1,1,1,1,1,1,1,1,0,0,1,1,0,0,0,1,0,1,1,0,0,1,0,1,0,1,1,0,0,1,0,0,1,0,0,0,1,0,0
A15,0,0,0,0,0,0,0,1,0,0,0,1,1,0,0,0,1,0,1,1,1,1,1,1,0,0,0,0,1,1,1,1,0,1,1,0,1,1,1
A16,0,0,0,0,0,0,0,0,0,0,1,0,1,0,1,0,0,0,0,1,0,1,1,1,1,1,1,1,0,1,1,0,1,0,1,0,1,1,1
A17,0,0,0,0,0,0,0,0,0,0,0,1,0,1,1,1,0,0,0,1,1,0,0,1,1,0,0,1,1,1,0,1,1,1,1,0,1,1,1
A18,0,0,0,0,0,0,0,1,0,0,1,1,0,1,1,1,0,1,0,0,1,0,0,0,1,1,0,1,0,1,1,1,1,1,1,0,1,1,1
A19,0,0,0,0,0,0,1,1,0,0,0,0,1,1,0,0,0,1,1,0,1,1,0,1,1,1,1,1,1,1,1,1,1,1,1,0,1,1,1
A20,1,1,0,1,1,1,1,1,0,1,1,1,0,1,0,0,0,1,0,0,1,1,1,0,1,0,0,1,1,0,0,0,0,0,1,0,0,0,0
A21,0,0,0,0,0,0,0,0,1,0,0,0,1,0,0,1,1,0,1,1,0,0,1,0,0,1,0,1,1,1,1,1,0,1,0,0,1,1,1
A22,0,1,0,0,0,0,0,0,0,0,1,0,1,1,0,0,0,0,0,0,1,0,0,0,1,1,1,0,0,1,0,1,1,0,1,0,1,1,1
A23,0,0,0,0,0,0,0,0,0,0,0,0,1,1,0,1,0,0,1,1,1,1,0,0,0,1,0,1,1,0,1,1,1,0,1,0,1,0,1
A24,1,1,1,1,1,1,1,1,1,0,1,1,0,0,0,1,1,1,0,1,1,1,0,0,0,0,1,0,0,1,0,0,0,0,0,0,0,0,0
A25,1,1,1,1,1,1,1,0,0,0,1,1,1,1,0,0,0,1,1,1,1,0,1,0,1,0,0,0,0,0,0,1,1,0,0,0,0,0,0
A26,1,1,1,1,1,1,1,1,1,1,1,1,1,1,1,1,0,1,0,0,0,1,0,0,1,0,0,0,1,0,0,0,0,0,0,0,0,0,0
A27,1,1,1,1,0,1,1,1,1,1,1,1,1,1,1,0,0,1,1,1,0,1,0,1,0,0,1,0,0,0,0,0,0,0,0,0,0,0,0
A28,0,0,0,0,0,0,1,0,0,1,1,0,0,0,0,0,1,0,0,1,0,1,1,1,0,1,1,1,1,1,1,1,1,1,1,0,1,1,1
A29,0,0,0,1,0,0,0,0,1,0,0,0,0,1,0,0,1,1,0,0,0,1,1,0,1,0,1,1,1,1,1,0,0,1,1,0,1,1,1
A30,0,0,0,0,1,0,1,1,1,0,0,1,0,1,1,0,0,0,0,1,0,1,0,1,1,1,1,1,1,1,1,1,0,1,1,0,1,1,1
A31,0,0,0,0,0,0,0,0,0,1,0,0,0,0,0,0,1,0,0,1,0,0,0,1,1,1,1,1,1,1,0,1,1,1,1,0,1,1,1
A32,1,1,1,1,1,1,1,1,1,1,0,0,1,1,1,1,0,0,0,1,0,0,0,1,0,0,1,0,0,0,1,0,0,0,0,0,0,0,0
A33,1,1,1,1,1,0,1,0,1,1,0,1,1,0,1,0,0,1,1,0,0,1,0,0,0,1,0,0,1,0,0,0,0,0,0,0,1,0,0
A34,1,1,1,1,1,0,1,0,1,1,1,1,1,1,0,0,1,1,1,0,0,1,0,1,0,1,0,0,1,0,0,0,0,0,0,0,0,0,0
A35,1,0,1,0,1,1,1,1,1,1,1,1,0,1,0,1,0,0,0,0,0,0,1,1,1,0,0,0,1,0,0,1,1,0,0,0,0,1,0
A36,0,0,1,0,0,0,0,0,0,0,0,1,0,0,1,1,0,1,0,1,1,0,0,1,1,1,1,1,1,1,0,1,1,1,1,0,1,1,1
A37,0,0,0,0,1,0,0,0,0,0,1,1,0,1,1,1,0,0,1,0,1,1,0,1,1,1,1,0,1,1,0,1,0,1,1,0,1,1,1
A38,1,1,1,1,1,1,1,1,1,1,1,1,1,1,1,1,0,0,1,0,1,0,0,1,1,0,0,1,1,1,1,0,0,1,1,0,0,0,0
A39,0,0,0,0,0,0,0,0,0,0,1,1,0,1,0,0,1,0,1,0,1,0,1,1,1,1,0,0,1,1,1,0,1,1,1,0,1,1,1
A40,0,0,0,1,0,1,0,0,0,1,0,0,1,1,1,0,1,0,0,0,0,1,0,1,1,0,1,1,1,0,1,1,0,0,1,0,1,1,1
A41,1,1,1,1,1,1,0,0,1,1,0,1,1,1,1,1,1,1,0,0,1,0,0,1,0,0,1,0,0,0,0,0,0,0,0,0,0,0,0
A42,1,1,1,1,1,1,1,1,1,0,0,0,0,0,0,1,0,1,0,0,0,0,0,0,0,0,0,0,0,0,1,0,0,0,0,1,0,0,0
A43,1,1,1,1,1,1,1,1,1,1,1,1,1,0,1,1,0,1,1,0,1,0,0,0,0,0,0,1,0,0,1,0,0,0,0,0,0,0,0
A44,0,0,0,0,0,0,1,0,0,0,1,1,0,0,1,0,0,1,0,0,0,1,0,0,0,1,1,0,1,1,0,1,1,1,0,0,1,0,1
A45,1,1,1,1,1,1,1,1,0,1,1,1,1,1,1,1,1,0,0,0,1,1,0,0,1,1,1,0,0,0,0,0,0,0,0,0,0,0,0
A46,1,1,1,1,1,1,1,1,0,1,1,1,1,1,0,1,1,0,0,1,0,1,1,0,0,1,0,0,0,1,0,1,0,0,0,0,0,0,0
A47,0,0,0,0,0,0,0,1,0,1,1,0,1,0,1,1,1,0,1,0,0,1,1,1,1,1,0,0,1,1,0,1,0,1,1,0,1,1,1
A48,0,0,0,0,1,0,0,0,0,1,0,1,0,1,1,0,0,0,1,1,1,1,1,0,1,1,1,1,1,0,1,1,1,1,1,0,1,1,1
A49,0,0,0,0,0,0,0,0,1,0,0,0,0,1,1,1,1,1,1,1,1,0,1,1,0,0,0,1,1,1,1,1,1,1,1,0,1,1,1
A50,0,0,0,0,0,0,0,0,0,0,1,1,0,0,0,0,0,0,1,0,0,0,0,1,1,0,0,1,0,1,0,1,1,1,1,0,1,1,1
A51,1,0,1,1,1,1,1,1,1,1,0,1,1,1,1,1,0,1,0,0,0,0,0,1,1,0,0,0,0,0,0,0,0,0,0,0,0,0,0
A52,0,0,0,0,0,0,0,1,0,1,0,1,1,0,1,1,0,0,0,0,0,1,1,1,0,1,1,1,1,1,0,1,1,1,1,0,1,1,1
A53,1,1,1,1,1,1,0,1,1,1,1,1,0,1,1,0,0,1,0,1,0,0,1,1,0,1,1,1,0,0,0,1,1,0,0,1,0,0,0
A54,0,0,0,0,0,0,0,0,0,0,1,0,0,0,0,0,1,0,0,0,0,1,1,0,1,0,1,1,1,1,0,1,1,1,1,0,1,1,1
A55,1,1,0,1,1,1,1,1,1,1,1,1,0,0,1,1,0,1,1,1,1,1,0,0,0,0,1,1,0,1,0,0,1,0,0,0,0,0,0
A56,0,0,0,0,0,0,1,0,0,1,1,0,0,0,0,1,0,0,0,0,0,1,0,1,1,1,1,1,0,1,0,1,1,1,1,0,1,1,1
A57,0,0,0,0,0,0,0,0,0,1,1,0,1,0,1,0,0,0,0,0,1,1,1,1,1,1,1,0,1,1,1,1,0,1,1,0,1,1,1
A58,0,0,0,0,0,0,0,0,0,0,0,0,0,0,0,1,0,1,1,1,1,0,1,1,1,0,1,1,1,1,1,1,1,1,1,0,1,1,1
A59,1,1,1,0,1,1,1,1,1,0,1,1,0,0,1,0,1,1,1,0,1,0,0,0,0,1,0,1,0,0,0,0,0,0,0,0,0,0,0
A60,0,0,0,1,0,0,0,1,1,0,0,0,0,0,0,0,1,0,0,1,1,0,0,0,1,1,1,1,1,1,1,1,1,0,0,0,1,1,1
A61,0,0,0,0,0,1,0,0,0,0,0,1,0,0,0,0,0,0,0,0,0,0,1,1,1,1,0,1,1,1,1,1,1,1,1,0,1,1,1
A62,0,0,1,0,0,0,0,0,0,0,0,1,0,1,0,0,0,0,1,0,1,0,1,1,1,1,0,1,0,1,1,1,1,0,1,0,1,1,1
A63,0,0,0,0,1,1,0,0,0,0,0,0,0,0,0,0,1,1,1,0,1,1,1,1,1,0,1,0,0,1,1,1,1,1,1,0,1,1,1
A64,0,0,0,0,0,0,0,0,0,0,0,0,0,1,1,0,0,0,0,1,1,1,1,0,0,1,0,1,1,1,1,1,1,1,0,0,1,1,1
A65,1,1,1,1,1,1,1,1,1,1,0,1,0,1,1,1,0,0,0,0,1,0,0,1,0,0,0,0,0,0,0,0,1,0,0,0,0,0,0
A66,0,0,0,0,0,0,1,0,0,0,0,0,0,0,0,0,1,0,0,1,0,0,0,1,1,1,1,0,1,1,0,1,1,1,1,0,1,1,1
A67,1,1,1,1,1,1,1,1,1,0,1,1,1,1,0,0,1,0,0,1,1,0,0,0,0,0,0,0,0,0,0,0,1,0,0,0,0,0,0
A68,1,1,1,1,0,1,1,1,1,0,1,1,0,0,1,0,1,1,0,0,0,1,0,1,0,1,0,0,0,0,0,0,0,0,0,0,1,0,0
A69,1,1,1,1,1,1,1,0,1,1,1,1,1,1,0,1,1,1,1,1,0,0,1,0,1,0,0,0,0,1,0,0,1,1,0,0,0,0,0
A70,0,0,0,0,0,0,0,0,0,0,0,0,1,1,1,1,1,0,0,0,0,0,1,0,1,0,1,1,1,0,1,1,1,1,1,0,1,1,1
A71,1,1,1,1,1,0,1,1,1,1,1,1,1,0,1,1,0,0,0,0,0,0,1,0,1,1,1,0,1,0,0,0,0,1,0,1,0,0,0
A72,0,0,0,0,0,0,0,0,0,0,0,0,0,0,0,1,1,1,1,0,0,1,0,1,0,0,1,1,0,1,1,1,1,1,1,0,1,1,1
A73,0,0,0,0,0,1,0,0,0,1,0,0,0,1,0,0,0,1,1,0,1,0,0,0,0,1,1,0,1,1,1,1,1,1,1,0,1,1,1
A74,1,1,0,0,1,1,1,1,0,0,1,0,1,1,0,1,1,1,1,1,1,0,1,1,0,1,0,0,0,0,0,1,0,0,1,0,0,0,0
A75,1,1,1,1,0,1,1,1,1,0,1,0,1,1,0,1,1,1,1,1,0,1,1,0,0,0,1,0,1,0,0,0,0,0,0,0,0,0,0
A76,1,1,1,1,1,1,1,1,1,0,0,1,1,0,1,0,1,0,1,0,0,0,1,0,0,0,0,0,0,0,0,1,0,0,0,0,0,0,0
A77,1,1,1,1,1,1,1,1,1,1,1,1,0,0,0,1,0,1,0,1,0,0,0,0,1,1,1,0,0,1,1,0,0,0,0,0,0,0,0
A78,0,0,0,0,0,0,0,0,0,0,0,0,1,0,0,0,1,1,0,0,0,0,1,1,1,1,1,1,0,1,1,1,1,1,0,0,1,1,1
A79,0,0,0,1,0,1,0,0,0,0,0,1,0,0,0,0,0,1,0,0,0,1,1,1,1,1,1,1,1,1,1,1,1,1,1,0,1,1,1
A80,1,1,1,1,1,1,0,1,1,1,1,1,0,1,1,0,1,1,1,0,1,0,1,0,1,0,0,1,0,0,0,0,0,0,0,0,0,0,0
A81,0,0,0,0,0,0,1,0,0,1,0,1,0,0,1,0,1,1,0,1,1,1,1,1,0,1,0,1,1,1,0,1,1,1,1,0,1,1,1
A82,1,1,1,1,1,1,0,0,1,0,1,1,0,1,0,1,0,1,1,1,1,0,1,1,0,0,0,1,0,0,0,0,0,0,0,0,0,0,0
A83,1,1,1,1,1,0,1,1,1,1,0,1,1,0,0,0,1,1,0,0,0,1,0,1,0,0,0,0,0,0,0,0,0,0,0,1,0,0,0
A84,1,1,1,1,1,1,0,1,0,1,0,1,1,1,1,1,1,1,1,1,0,0,1,0,0,0,1,0,0,0,0,0,0,0,0,1,0,0,0
A85,0,0,0,0,0,1,0,0,0,0,0,1,0,0,0,0,1,1,0,1,1,1,0,1,1,1,1,1,0,1,0,0,1,1,1,0,1,1,1
A86,1,1,1,1,1,1,1,1,1,1,0,0,1,0,1,1,0,1,1,0,1,0,0,1,1,1,1,1,0,0,0,0,0,0,0,0,0,0,0
A87,1,1,1,1,1,1,1,1,1,1,1,1,1,1,0,0,1,1,1,0,0,0,1,0,1,0,1,1,0,0,0,0,0,0,0,0,0,0,0
A88,1,1,1,1,1,0,1,0,1,0,1,1,1,1,1,1,0,1,0,1,1,1,0,1,1,0,0,0,1,0,0,0,0,0,1,0,0,0,0
A89,1,1,1,1,1,0,0,0,1,0,1,1,0,1,0,0,0,0,0,1,1,1,0,0,0,0,1,0,1,0,0,0,0,0,1,0,0,0,0
A90,0,0,0,0,0,0,0,1,0,1,1,1,0,0,1,0,1,1,1,1,1,1,1,0,0,1,1,0,1,1,1,1,1,1,0,0,1,1,1
A91,1,1,1,1,1,1,1,0,0,1,1,0,1,0,0,0,0,1,1,1,0,0,0,1,0,0,0,0,0,0,0,0,1,0,0,0,0,0,0
A92,0,0,0,0,0,1,0,0,0,0,1,0,0,1,0,0,0,1,1,0,1,1,1,1,1,1,1,1,0,0,0,1,1,1,1,0,1,1,1
A93,0,0,0,1,0,1,0,0,0,0,0,0,0,0,0,1,0,1,0,1,0,0,1,0,1,0,1,1,1,0,0,0,1,1,1,0,1,1,1
A94,1,1,1,1,1,1,1,1,1,1,0,1,0,1,0,0,0,1,1,0,0,0,1,1,0,1,1,1,1,0,0,0,0,1,0,0,0,0,0
A95,0,0,0,0,0,1,0,1,0,1,0,1,0,1,0,0,1,0,0,1,1,1,1,1,1,0,1,0,1,1,1,1,0,0,0,0,1,1,1
A96,0,0,0,0,0,0,0,1,1,1,0,1,0,1,1,0,1,1,1,1,0,0,1,0,1,1,0,1,1,1,0,1,1,1,1,0,1,1,1
A97,1,1,1,0,1,1,1,1,1,0,1,0,1,1,1,1,0,0,0,1,1,0,0,0,0,0,0,1,0,1,0,1,0,1,1,0,1,0,0
A98,1,0,1,1,1,1,1,1,1,1,1,1,1,1,1,1,0,1,1,1,1,0,0,0,0,0,0,0,1,1,1,0,0,0,0,0,0,0,0
A99,1,0,1,1,0,0,0,0,1,0,1,1,0,1,0,1,0,0,1,1,1,0,0,1,0,1,0,0,0,0,0,1,1,1,0,0,0,0,0
A100,0,0,0,0,0,0,0,1,0,0,1,0,1,1,0,1,1,0,1,1,1,1,0,0,1,1,0,0,1,0,1,1,1,1,1,0,1,1,1
A101,0,0,0,0,0,0,0,0,0,0,1,0,1,0,0,0,0,0,1,1,1,0,0,0,1,1,1,1,1,1,1,1,1,0,1,0,1,1,1
A102,1,0,0,1,0,0,0,0,0,0,0,0,0,1,1,0,1,0,0,0,0,1,1,1,1,0,0,1,1,1,0,0,1,0,1,0,1,1,1
A103,1,1,1,1,1,1,0,1,1,1,0,1,0,1,1,1,0,0,0,1,0,0,0,0,1,0,1,0,0,0,1,0,0,0,0,0,0,0,0
A104,0,0,0,0,0,0,0,1,0,0,0,0,0,0,1,0,0,0,0,1,1,0,1,1,0,1,1,1,1,1,1,1,0,1,1,0,1,1,1
A105,1,1,1,1,1,1,1,1,1,1,1,0,1,0,1,1,0,1,0,0,1,0,1,1,0,1,0,0,0,0,0,0,0,0,1,0,0,0,0
A106,0,0,1,0,1,0,1,0,0,0,0,0,0,0,1,1,1,0,1,0,1,0,1,0,1,1,1,0,1,1,1,1,1,1,1,0,1,1,1
A107,0,0,0,0,0,0,0,0,0,1,1,0,0,0,0,0,1,0,0,0,1,1,1,1,0,0,1,1,0,0,1,1,1,0,0,0,1,1,1
A108,1,1,1,1,1,1,1,1,1,1,1,0,1,1,1,1,1,1,0,1,0,1,0,0,1,1,0,0,0,0,0,0,0,0,0,0,0,0,0
A109,0,1,0,0,0,0,0,0,0,0,0,1,0,0,1,1,1,0,0,1,0,1,1,1,1,1,1,1,0,1,1,1,1,1,1,0,1,1,1
A110,1,1,1,1,0,1,1,1,1,1,1,1,0,0,0,0,0,1,1,0,1,0,0,0,1,0,0,0,0,0,0,0,0,0,0,0,0,0,0
A111,0,0,0,0,0,0,0,0,0,0,0,1,0,0,1,0,0,0,0,1,0,1,0,1,1,0,1,1,1,0,0,1,1,1,1,0,1,1,1
A112,0,0,0,0,0,0,0,1,0,0,0,1,0,0,0,1,1,0,0,0,0,0,1,1,0,1,1,1,1,1,0,1,1,1,1,0,1,1,1
A113,0,0,0,0,0,1,0,0,1,0,1,0,0,0,0,0,1,1,0,1,1,1,1,0,1,1,0,1,1,1,1,1,1,1,1,0,1,1,1
A114,0,0,0,0,0,0,0,0,0,0,1,1,0,1,1,0,1,0,0,1,1,0,0,1,0,1,1,1,1,1,0,0,1,1,1,0,1,1,1
A115,1,1,1,1,1,1,1,1,0,1,1,0,1,0,0,1,0,1,0,1,0,0,0,1,0,0,0,1,1,0,0,1,0,1,0,0,0,0,0
A116,0,0,0,1,0,0,0,1,0,0,0,0,0,0,0,1,1,1,1,0,0,0,1,1,0,1,1,1,0,1,1,1,1,1,1,0,1,1,1
A117,0,1,1,1,1,1,0,0,1,0,1,0,1,1,0,0,1,1,1,1,1,1,1,1,0,0,0,0,0,1,0,0,0,0,0,0,0,0,0
A118,0,0,0,1,0,0,0,0,0,0,0,0,1,0,1,0,1,0,0,0,1,1,0,1,0,0,1,0,0,1,1,0,1,1,1,0,1,1,1
A119,0,0,0,1,1,0,0,1,1,0,0,0,1,0,0,0,0,1,1,0,1,1,1,0,1,0,1,1,1,1,0,1,1,0,1,0,1,1,1
A120,1,1,1,1,1,1,1,1,1,1,0,1,1,1,0,1,1,1,1,0,0,0,1,0,1,0,1,0,0,0,0,0,0,0,0,1,0,0,0
A121,1,1,1,1,1,1,1,1,1,1,1,1,1,0,1,1,1,0,0,1,0,0,0,1,0,0,0,1,1,0,0,1,0,0,0,0,0,1,0
A122,0,0,0,1,0,0,1,0,1,1,0,0,0,0,0,1,1,0,1,1,1,0,0,0,1,1,1,0,1,1,1,1,1,1,1,0,1,1,1
A123,0,0,0,0,0,1,0,1,1,0,0,0,0,1,0,0,1,0,0,0,1,0,0,0,0,0,1,1,0,1,1,1,1,1,1,0,1,1,1
A124,1,1,1,1,0,1,1,1,1,0,0,0,1,0,0,1,1,1,0,1,0,0,0,1,0,0,0,0,1,0,0,0,0,0,0,0,0,0,0
A125,1,1,1,1,1,1,1,1,1,1,1,0,1,0,1,1,0,0,0,1,0,1,0,0,0,0,1,0,0,0,0,0,0,0,0,0,0,0,0
A126,0,1,0,0,0,0,0,1,0,0,0,1,0,0,0,1,0,1,1,1,1,1,0,1,1,0,1,1,0,1,1,1,1,1,1,0,1,1,1
A127,0,0,0,0,0,0,0,0,1,0,0,0,0,0,0,1,1,1,1,1,0,0,1,1,1,1,0,0,1,1,1,1,0,1,1,0,1,1,1
A128,1,1,1,1,1,1,1,1,1,0,1,1,0,1,0,1,0,1,1,1,1,0,1,0,1,0,0,0,0,1,1,0,0,1,0,0,0,0,0
A129,1,1,1,1,0,1,1,1,0,1,1,0,1,1,1,1,1,1,1,0,0,1,0,0,1,0,0,0,0,0,0,1,1,1,0,0,0,0,0
A130,0,0,0,0,0,0,0,1,0,0,0,0,0,0,1,0,0,0,1,0,1,1,1,1,1,1,1,1,0,1,0,1,0,1,1,0,1,1,1
A131,0,0,0,0,1,0,0,0,0,0,0,0,1,0,0,0,0,1,1,1,0,0,1,1,1,1,1,1,1,1,1,1,1,1,1,0,1,1,1
A132,0,0,0,0,0,0,0,1,0,0,0,0,0,1,1,0,1,0,0,1,0,1,1,1,0,0,1,0,1,1,1,1,1,1,1,0,1,1,1
A133,1,1,1,1,0,0,1,1,1,1,1,1,0,0,0,1,0,0,1,0,0,0,0,1,0,1,0,0,0,0,0,0,0,0,0,0,0,0,0
A134,1,1,1,1,1,1,1,1,1,1,1,1,0,1,1,1,0,1,0,0,0,1,0,1,0,0,0,0,0,0,0,0,0,1,0,0,0,0,0
A135,0,0,1,0,0,1,0,1,0,0,0,0,1,1,0,1,0,0,1,1,0,1,1,1,1,1,1,1,1,1,1,0,1,1,1,0,1,1,1
A136,1,1,1,1,1,1,1,1,1,0,0,1,0,1,0,0,0,1,1,1,1,1,1,1,1,0,0,0,0,0,0,0,0,1,0,0,0,0,0
A137,1,1,1,1,0,0,1,0,1,0,1,0,0,1,0,1,0,1,1,0,0,1,0,1,1,0,0,0,0,0,1,0,0,0,0,0,0,0,0
A138,1,1,1,1,0,1,1,1,1,1,1,1,1,1,1,0,0,0,1,0,1,1,0,0,0,0,0,0,1,0,0,1,0,0,0,0,0,0,0
A139,1,1,1,1,0,1,1,1,1,0,0,1,0,1,0,1,1,0,0,1,1,0,0,1,0,0,0,0,0,0,0,1,0,0,0,0,0,0,0
A140,1,1,1,1,1,1,1,1,0,1,0,0,1,0,1,1,1,0,0,1,1,0,0,1,0,0,0,0,1,1,1,0,0,0,0,0,0,0,0
A141,1,1,1,1,1,1,1,1,0,1,0,1,1,0,1,1,0,0,1,1,1,1,0,1,0,0,1,0,0,0,0,0,0,1,1,0,1,0,0
A142,0,0,1,0,0,0,0,0,0,0,0,0,0,1,0,1,0,0,1,1,0,0,0,1,1,1,0,1,1,1,1,1,1,1,1,0,1,1,1
A143,0,0,0,0,0,0,0,1,0,0,0,1,0,1,0,0,1,0,0,1,1,1,1,1,1,1,1,0,1,1,1,1,1,1,0,0,1,1,1
A144,1,1,1,0,1,1,0,1,0,1,1,1,1,1,0,1,1,0,0,0,1,1,0,1,0,0,0,1,1,0,0,0,0,0,0,0,0,0,0
A145,1,1,1,1,1,1,1,0,1,0,1,1,0,1,1,1,1,0,1,1,0,0,1,1,1,0,0,0,1,0,0,0,0,0,0,0,0,0,0
A146,0,0,0,0,0,0,0,0,0,0,0,0,0,0,0,0,1,0,0,1,1,1,1,0,1,1,1,0,1,1,0,1,1,0,1,0,1,1,1
A147,0,0,0,0,0,0,1,0,0,0,0,0,1,0,1,0,0,0,1,1,1,1,1,1,1,1,1,1,0,1,1,1,1,1,1,0,1,1,1
A148,1,1,1,1,1,1,0,1,1,0,0,1,0,0,1,1,1,0,0,0,1,0,1,0,0,0,0,1,0,0,0,0,0,0,0,0,0,0,0
A149,1,1,1,1,1,1,0,1,1,1,0,1,1,0,1,1,0,1,0,1,1,1,0,1,1,1,0,0,0,0,1,0,0,1,0,0,0,0,0
A150,1,1,1,1,1,1,1,0,0,1,0,1,1,1,1,1,1,0,1,0,0,0,1,0,1,1,0,0,1,0,0,0,0,0,0,0,0,0,0
A151,1,1,1,1,1,0,1,1,1,1,1,0,1,1,1,0,0,0,0,1,1,1,0,0,0,0,0,0,1,0,0,0,0,0,0,0,0,0,0
A152,1,1,1,1,1,1,1,0,0,1,1,0,0,1,1,1,1,0,0,0,1,0,1,0,0,0,0,0,0,0,0,0,1,0,0,0,0,0,0
A153,1,1,1,1,1,0,0,0,1,1,1,1,1,1,1,0,1,1,1,0,0,0,1,0,0,1,1,1,0,0,0,0,0,0,0,0,1,0,0
A154,0,0,0,1,0,0,0,0,0,1,0,0,0,0,0,0,0,1,0,0,0,1,1,0,0,0,1,0,0,0,0,0,0,1,1,0,0,1,1
A155,0,0,0,0,0,0,0,1,0,0,1,0,0,0,1,0,1,1,0,1,1,0,1,0,1,0,1,1,1,0,1,1,1,1,1,0,1,1,1
A156,1,1,1,1,1,1,1,0,1,0,1,1,1,0,1,0,0,1,0,1,1,1,1,1,1,1,0,1,0,1,1,0,1,0,0,0,0,0,0
A157,1,1,1,1,1,1,1,1,1,1,1,1,0,1,0,0,0,1,0,0,0,0,1,0,1,1,0,0,0,1,1,1,0,0,1,0,0,0,0
A158,1,1,1,1,1,1,1,0,1,1,1,0,1,0,1,1,1,0,1,0,0,0,0,1,0,0,0,1,0,0,0,0,0,0,0,0,0,0,0
A159,1,1,1,1,1,1,1,1,1,0,0,0,0,1,0,1,1,1,0,0,0,0,0,1,1,1,1,0,0,0,0,0,1,0,0,0,0,0,0
A160,1,1,1,1,1,1,1,1,1,1,1,1,0,0,1,1,0,1,0,1,0,0,0,0,1,1,1,1,1,0,0,0,0,0,0,0,0,0,0
A161,1,1,1,1,1,1,1,1,1,0,0,1,1,0,1,1,0,0,1,1,1,1,0,0,0,0,0,0,0,0,0,1,0,0,1,0,0,0,0
A162,1,1,1,1,1,1,1,1,0,1,1,1,1,1,0,0,1,0,0,0,0,1,1,0,1,0,0,1,0,0,0,0,0,0,1,1,0,0,0
A163,0,0,0,0,0,0,0,0,0,1,0,0,0,0,0,1,0,0,0,1,1,1,1,1,1,1,1,1,1,0,1,1,1,1,1,0,0,1,1
A164,1,1,1,1,0,1,1,1,1,1,1,0,1,1,1,0,1,0,1,0,0,0,0,0,1,0,1,0,0,0,1,1,0,0,0,0,0,0,0
A165,0,0,0,0,0,0,0,0,0,0,0,0,1,1,1,1,1,0,0,0,1,1,1,1,1,0,1,0,0,1,0,0,1,1,1,0,1,1,1
A166,1,1,1,1,1,1,1,1,1,0,0,1,0,1,1,0,0,0,0,0,1,0,1,1,0,0,1,0,0,1,0,0,1,1,0,0,0,0,0
A167,1,1,1,1,1,1,0,1,1,1,1,0,1,1,1,1,1,1,1,1,0,0,0,0,0,0,1,0,0,0,0,0,1,0,0,0,1,0,0
A168,0,0,0,0,1,0,0,0,0,0,0,0,0,0,0,1,1,1,1,1,1,1,1,0,1,0,1,0,0,1,0,1,1,1,1,0,1,1,1
A169,0,0,0,0,0,0,0,0,0,0,1,0,1,1,1,0,0,0,1,0,0,1,1,1,0,0,0,1,0,1,1,0,1,0,1,0,1,1,1
A170,1,1,1,1,1,1,1,0,0,1,1,1,1,0,1,0,1,0,1,0,1,1,0,1,0,0,1,0,0,0,0,0,1,0,0,1,0,0,0
A171,0,0,0,0,0,0,0,0,0,0,0,0,1,1,1,0,0,1,1,1,1,0,1,0,1,1,1,0,1,1,1,1,1,1,1,0,1,1,1
A172,0,0,0,0,0,0,0,0,0,0,0,0,1,0,0,1,0,0,0,0,1,0,0,1,0,0,1,1,0,0,1,1,0,1,1,0,1,1,1
A173,0,0,0,0,0,0,0,0,0,0,1,0,0,1,1,1,0,0,1,0,0,0,0,1,1,1,1,0,1,1,1,1,0,0,1,0,0,1,1
A174,1,1,1,1,1,1,1,1,0,1,1,0,0,1,0,1,1,0,1,1,1,0,1,1,0,0,0,1,0,0,1,0,0,0,0,0,0,0,0
A175,1,1,1,1,1,1,1,1,1,0,1,1,1,1,0,1,0,0,1,0,1,1,0,1,1,0,0,1,0,0,1,0,0,0,0,0,0,0,0
A176,0,0,0,0,0,0,1,0,0,1,1,0,0,0,0,0,1,0,1,1,1,0,0,1,1,1,1,1,1,1,0,1,1,1,1,0,1,1,1
A177,1,1,1,1,0,1,1,0,1,1,1,0,0,0,0,1,0,0,1,0,1,0,0,0,0,0,1,0,0,0,0,0,1,1,1,0,0,0,0
A178,1,1,1,1,1,1,0,1,1,1,1,0,1,1,0,1,1,0,1,1,1,1,1,0,0,0,0,0,0,0,1,1,0,0,0,0,0,1,0
A179,0,0,0,0,0,0,0,0,0,0,1,0,0,0,1,1,0,0,0,0,1,1,0,0,1,1,0,1,1,1,1,1,0,1,1,0,1,1,1
A180,1,1,1,1,1,1,1,1,1,1,1,1,1,1,1,1,1,0,0,1,1,1,0,1,0,0,0,1,0,0,0,0,0,0,1,0,0,0,0
A181,0,0,1,0,1,0,1,0,0,0,0,0,0,0,1,0,1,0,0,0,0,0,1,0,0,1,1,1,1,0,1,0,0,0,1,0,1,1,1
A182,0,1,0,0,0,0,0,0,0,1,0,0,1,0,0,1,0,0,1,1,0,0,1,0,1,1,1,0,1,1,1,1,0,1,1,0,1,1,1
A183,1,1,1,0,0,1,1,1,1,1,1,1,1,1,1,1,1,1,1,1,1,1,0,1,0,1,1,0,0,0,0,0,0,1,0,0,0,0,0
A184,0,0,0,0,0,0,0,1,1,0,1,0,0,0,0,0,1,0,0,1,0,1,0,0,1,1,0,1,1,1,0,1,1,0,0,0,1,1,1
A185,0,0,0,0,1,0,0,0,0,0,0,0,1,1,1,1,1,0,0,1,0,1,1,1,1,0,1,1,0,0,1,0,1,1,0,0,1,1,1
A186,1,1,1,1,1,1,0,0,1,1,1,1,1,1,1,0,0,1,0,0,1,1,0,1,0,0,0,0,1,0,0,0,0,0,0,1,0,0,0
A187,1,1,1,1,1,1,1,1,1,1,1,0,0,0,1,1,0,0,1,1,1,0,0,0,0,0,1,0,0,1,0,0,0,1,0,1,0,0,0
A188,0,0,0,0,0,0,1,0,1,0,0,1,1,1,0,1,1,0,1,1,0,0,1,1,1,1,0,1,1,1,1,1,1,0,1,0,1,1,1
A189,0,0,0,0,0,0,0,1,0,0,0,0,1,1,0,0,0,0,0,0,0,1,1,1,1,0,1,1,1,0,1,1,0,1,1,0,1,1,1
A190,0,0,0,1,0,0,0,0,1,0,0,0,0,0,0,1,1,0,0,0,0,0,0,1,0,1,1,0,1,0,0,1,1,1,1,0,1,1,1
A191,0,0,0,0,0,0,1,0,0,1,0,0,1,1,1,0,1,0,0,0,1,0,1,1,1,1,1,1,1,0,1,1,0,1,1,0,1,1,1
A192,1,1,1,1,1,1,1,1,1,1,1,1,1,0,0,1,1,1,1,0,1,0,0,1,0,0,0,0,1,0,1,0,0,0,0,0,0,0,0
A193,0,0,0,0,0,0,0,0,1,1,0,1,1,0,1,1,1,1,1,0,0,0,0,1,1,0,1,0,0,1,1,1,0,1,1,0,1,1,1
A194,0,0,0,0,0,1,0,0,0,0,0,0,1,0,0,1,1,0,0,0,0,1,0,1,1,1,1,1,1,1,1,1,1,0,1,0,1,1,1
A195,0,0,0,0,1,0,0,0,0,0,0,0,0,1,0,1,0,1,0,0,0,1,1,1,0,0,0,1,1,1,1,0,0,1,1,0,1,1,1
A196,0,0,0,0,0,0,0,0,1,0,0,0,0,0,0,0,1,1,1,0,0,1,0,1,1,1,0,1,1,0,1,1,1,0,1,0,1,1,1
A197,0,0,0,0,0,0,0,1,0,0,1,0,0,0,0,1,0,0,0,1,1,0,0,1,1,0,0,1,1,1,1,1,1,1,1,0,1,1,1
A198,0,0,0,0,0,0,0,1,1,0,1,0,0,0,1,0,0,1,1,0,1,1,1,1,0,0,1,1,0,0,1,1,1,1,1,0,1,1,1
A199,0,0,0,0,0,1,0,1,0,0,0,0,1,1,0,0,1,0,1,1,1,1,1,1,0,1,1,1,1,1,1,1,0,1,1,0,1,1,1
A200,1,0,0,0,0,0,1,1,0,1,1,0,1,1,1,0,0,0,0,1,1,1,1,0,1,1,1,0,1,1,1,1,1,1,1,0,1,1,1
A201,1,1,1,1,1,1,0,1,1,0,0,0,0,1,1,1,0,0,1,1,0,1,1,1,1,1,0,1,1,0,0,0,0,0,0,0,0,0,0
A202,0,0,0,0,0,0,0,0,0,1,0,0,0,0,0,0,0,0,0,0,0,0,0,1,1,1,0,0,1,1,1,1,0,1,1,0,1,1,1
A203,0,0,0,0,0,0,0,0,1,0,0,0,0,1,0,1,0,0,0,1,1,0,0,0,1,0,1,0,1,1,0,1,0,1,1,0,1,1,1
A204,1,1,1,1,1,1,0,1,1,1,1,0,0,0,0,1,1,0,1,1,0,0,0,0,0,1,0,0,0,0,1,0,1,0,0,0,0,0,0
A205,0,0,0,0,0,0,0,0,0,0,0,0,0,0,0,0,0,0,1,0,0,1,0,1,1,1,1,1,1,1,1,1,1,1,1,0,1,1,1
A206,1,1,1,1,1,1,1,1,1,0,0,0,1,1,1,1,1,1,0,1,0,0,0,0,0,1,1,0,0,1,0,0,0,0,1,0,0,0,0
A207,1,1,1,1,0,1,1,1,1,1,0,1,1,0,1,1,1,0,1,0,0,1,0,0,0,0,0,0,0,0,0,0,0,0,0,0,1,0,0
A208,1,1,1,1,1,1,1,1,0,1,1,1,1,0,1,0,0,0,1,0,0,0,0,1,0,0,1,0,0,0,0,0,0,0,0,0,0,0,0
A209,0,1,0,0,0,0,0,1,0,1,0,1,0,1,1,0,0,0,1,1,0,0,1,0,1,1,1,1,1,1,1,1,1,1,0,0,1,1,1
A210,0,0,0,0,1,0,0,0,0,0,0,1,0,0,0,1,1,0,1,0,1,0,0,1,0,1,1,1,1,0,0,1,1,1,1,0,0,1,1
A211,1,1,1,1,1,1,1,1,0,1,1,0,1,1,1,1,1,1,0,1,0,0,0,0,0,1,0,0,0,0,0,1,0,0,0,0,0,0,0
A212,1,1,1,1,0,0,1,1,0,1,1,1,1,0,1,0,0,0,1,0,1,0,0,1,0,0,0,0,0,0,0,0,0,0,0,0,0,0,0
A213,1,1,1,0,1,1,0,1,1,1,1,1,1,1,1,0,1,1,0,0,1,0,0,1,1,0,0,0,0,0,0,0,0,1,0,0,0,0,0
A214,1,1,1,1,1,1,1,1,1,1,0,1,0,0,0,1,0,1,1,0,0,0,1,0,0,0,0,0,0,0,0,0,0,0,0,0,0,0,0
A215,1,0,1,0,1,1,1,1,1,0,0,1,1,1,1,1,1,1,0,1,0,1,1,1,0,0,1,0,0,0,0,0,1,0,1,0,0,0,0
A216,1,1,1,1,1,1,0,1,0,1,1,1,0,0,1,0,1,0,0,0,0,1,0,1,0,0,0,0,0,0,0,0,0,0,0,0,0,0,0
A217,1,0,0,0,0,1,0,0,0,0,0,0,0,0,0,1,1,0,0,0,1,0,0,1,1,1,1,1,1,1,0,1,1,1,1,0,1,1,1
A218,1,1,1,1,1,1,1,1,1,1,1,1,1,1,0,0,0,0,0,1,1,0,0,1,0,0,0,0,0,0,0,0,0,0,0,0,0,0,0
A219,0,0,0,0,1,1,0,0,1,0,0,0,0,1,0,1,0,1,0,1,1,1,0,0,1,1,1,1,1,1,1,1,1,1,1,0,1,1,1
A220,1,1,1,1,1,1,1,1,0,1,1,1,0,0,0,1,1,0,1,1,0,1,1,1,0,0,0,0,0,0,0,0,0,0,1,0,0,0,0
A221,1,1,1,1,1,1,1,1,1,1,1,1,0,0,0,0,1,1,1,0,1,0,1,0,1,1,0,1,0,0,0,0,1,0,0,0,0,0,0
A222,0,0,0,0,0,0,0,0,0,0,0,0,1,0,1,1,0,1,0,0,0,1,1,1,1,1,1,1,0,1,1,1,1,1,1,0,1,1,1
A223,1,1,1,0,0,1,1,1,0,0,1,1,1,1,1,1,1,1,0,1,0,1,0,1,0,0,0,1,0,1,0,0,0,0,0,0,0,0,0
A224,0,0,0,1,0,1,0,0,0,0,0,0,1,0,0,0,0,1,1,1,1,1,1,0,0,1,1,0,1,1,1,1,1,1,1,0,1,1,1
A225,0,0,0,0,0,0,1,1,0,0,0,0,1,1,1,1,0,1,1,0,0,0,1,0,0,1,1,1,1,1,1,1,1,1,1,0,1,1,1
A226,1,1,1,1,1,1,0,0,1,1,1,1,1,1,1,1,0,0,1,0,0,0,1,1,0,0,0,0,0,0,0,0,0,0,0,0,0,0,0
A227,0,0,0,1,0,0,0,0,0,0,0,0,1,0,0,1,1,1,0,1,1,1,0,1,0,1,0,1,1,1,1,1,1,1,1,0,1,1,1
A228,0,0,1,1,0,0,0,0,0,0,0,1,0,1,0,0,0,0,1,1,0,1,0,0,0,1,1,1,1,1,1,1,1,0,1,0,1,1,1
A229,1,1,1,1,1,0,1,1,1,0,0,0,0,1,1,0,1,0,0,0,0,0,0,0,1,0,0,0,1,0,0,0,0,1,0,0,0,0,0
A230,1,1,1,1,1,1,1,1,1,1,1,1,1,0,1,0,0,1,0,1,1,1,0,0,0,1,1,1,0,0,1,1,0,0,0,0,0,0,0
A231,1,1,1,1,1,1,1,0,1,1,1,1,0,1,0,1,1,1,0,1,1,1,0,0,0,1,0,0,1,1,0,0,0,0,0,0,0,0,0
A232,0,0,1,0,0,0,0,0,0,0,0,0,1,0,1,1,0,0,1,1,0,1,1,0,0,0,0,1,1,1,0,0,1,1,1,0,1,0,1
A233,0,0,0,0,0,1,0,0,0,0,1,1,0,0,1,0,0,1,0,0,1,1,1,1,1,0,0,1,1,1,1,1,0,0,1,0,1,1,1
A234,0,0,0,0,0,1,0,0,0,1,1,1,0,0,0,0,1,1,1,0,1,0,1,0,0,0,1,1,0,0,0,1,1,0,1,0,1,1,1
A235,0,0,0,1,0,0,0,0,1,1,0,0,0,0,0,0,0,0,0,0,0,1,0,1,1,1,1,1,0,1,1,1,1,1,1,0,1,1,1
A236,1,1,1,1,1,1,1,1,1,1,1,1,1,0,0,1,1,1,1,1,1,1,0,1,1,0,0,0,0,0,0,0,1,0,1,0,0,0,0
A237,0,0,0,0,0,0,1,1,0,0,0,1,0,0,0,1,0,0,1,1,1,0,0,0,1,1,1,1,1,0,1,1,1,1,1,0,1,1,1
A238,0,0,0,0,0,0,0,0,1,0,0,0,0,0,0,0,0,0,1,1,1,0,0,0,0,1,0,1,1,1,1,1,1,1,1,0,1,1,1
A239,1,1,1,1,1,1,1,1,0,1,1,1,0,0,1,0,0,1,0,1,0,0,0,0,1,0,0,1,1,1,0,0,0,0,0,0,0,0,0
A240,0,0,0,0,1,0,0,0,0,0,0,0,1,1,0,0,1,1,1,1,1,1,0,0,0,1,1,1,0,1,0,1,1,1,0,0,1,1,1
A241,0,0,0,0,0,0,0,0,0,1,1,0,1,0,0,0,0,0,0,1,0,1,0,1,1,0,1,1,1,1,1,1,1,1,0,0,1,1,1
A242,0,0,0,0,0,0,0,0,0,0,0,0,0,1,0,0,0,0,1,0,0,1,0,0,1,0,0,0,1,0,1,1,1,1,1,0,1,1,1
A243,0,0,1,0,0,0,1,0,0,0,0,0,0,0,1,0,0,0,0,0,0,1,1,1,1,1,1,1,1,0,1,1,1,1,1,0,1,1,1
A244,0,0,1,0,0,0,0,0,0,1,0,0,1,1,1,0,0,1,1,1,1,1,0,0,1,1,1,0,0,1,1,1,1,1,1,0,1,1,1
A245,1,1,1,0,1,1,1,1,0,1,1,1,1,1,1,0,0,0,1,0,1,0,0,1,1,0,0,0,0,0,1,0,0,0,0,0,0,0,0
A246,0,0,0,0,0,0,0,0,0,0,0,0,1,1,0,0,1,0,1,0,1,0,1,0,0,1,1,1,0,1,1,1,0,1,1,0,1,0,1
A247,1,0,1,1,1,1,1,1,1,1,1,1,1,1,1,0,1,0,1,1,1,1,0,0,1,0,0,1,1,1,0,1,0,0,0,0,0,0,0
A248,1,1,1,1,1,1,1,1,1,1,1,1,0,1,1,0,0,0,0,0,0,0,0,0,1,0,0,0,1,0,0,0,1,0,0,0,0,0,0
A249,1,1,1,1,1,1,1,1,1,1,0,1,0,1,1,1,1,1,0,1,0,1,1,1,0,0,0,1,0,0,1,0,0,0,1,0,0,1,0
A250,0,0,1,0,1,0,0,0,0,0,1,0,1,1,0,1,1,0,0,0,1,1,1,1,1,0,1,1,0,1,1,1,0,1,1,0,1,1,1
A251,0,0,0,0,1,0,0,0,0,0,0,1,1,0,1,0,0,0,0,0,1,0,1,0,0,1,0,1,1,0,1,1,1,1,1,0,1,1,1
A252,1,0,1,1,1,1,1,1,1,1,0,1,1,1,0,1,0,0,1,0,0,1,0,0,0,0,0,0,0,1,0,0,0,0,0,0,0,0,0
A253,0,0,0,0,0,0,0,0,0,1,0,1,1,0,1,1,0,1,0,0,0,1,0,0,0,1,0,1,0,1,1,1,1,1,0,0,1,1,1
A254,1,1,1,1,1,0,1,1,1,0,0,1,1,0,1,1,0,0,0,1,1,0,0,1,1,1,1,1,1,0,0,0,1,1,0,0,0,0,0
A255,1,1,1,1,1,1,1,1,0,0,1,0,1,0,1,0,1,1,1,1,1,1,0,0,0,1,0,0,0,0,0,1,0,0,0,0,0,0,0
A256,0,0,0,0,0,0,0,0,1,0,0,1,1,0,1,1,1,0,0,0,1,0,1,1,1,1,1,1,0,0,1,1,1,1,1,0,1,1,1
A257,1,1,1,1,1,1,0,1,0,1,1,1,1,1,1,1,1,0,0,1,1,0,0,1,0,0,1,0,0,0,0,0,0,0,0,0,0,0,0
A258,0,0,0,0,0,0,1,1,0,0,0,0,0,0,0,1,1,0,0,1,1,0,0,1,0,1,1,0,1,1,0,1,1,1,1,0,1,1,1
A259,0,0,0,1,0,0,0,0,0,0,1,0,0,0,0,1,0,0,1,0,0,1,1,1,1,1,1,1,1,0,1,0,1,1,1,0,1,1,1
A260,1,1,1,1,1,1,0,1,1,0,1,1,1,0,0,0,1,1,1,1,1,1,0,0,1,0,0,0,0,0,0,0,0,0,0,0,0,0,0
A261,1,1,1,1,0,1,0,0,1,1,1,1,1,1,0,0,0,1,1,0,0,1,0,0,1,0,0,0,0,0,0,0,0,0,0,0,0,0,0
A262,0,0,0,0,0,1,1,0,0,1,0,1,0,0,1,0,0,1,0,1,0,0,1,1,1,1,1,1,0,1,0,1,1,0,1,0,1,1,1
A263,0,0,0,0,0,1,0,0,0,0,0,1,0,1,1,1,0,0,1,1,0,0,1,1,1,1,1,1,1,1,1,1,1,1,1,0,1,1,1
A264,0,0,0,0,0,0,0,0,0,0,0,0,0,0,0,0,0,1,0,1,1,0,1,0,1,1,0,1,1,0,1,0,1,1,1,0,1,1,1
A265,1,1,1,1,1,1,1,1,1,1,1,1,0,1,1,1,1,1,1,0,0,0,0,1,1,0,0,0,0,0,0,1,1,0,0,1,0,0,0
A266,1,1,1,1,1,1,1,0,1,1,0,1,1,0,0,0,1,1,0,0,1,0,1,1,0,0,1,0,0,0,0,0,1,0,1,0,0,0,0
A267,0,0,0,0,1,1,1,0,0,0,0,0,0,0,0,1,0,0,0,1,0,0,1,0,1,1,0,1,1,1,0,1,1,1,1,0,1,1,1
A268,0,0,0,0,0,1,0,0,0,0,0,0,1,0,0,0,0,0,0,1,0,1,1,0,1,0,1,1,1,1,1,1,1,1,1,0,1,1,1
A269,0,1,0,0,0,0,0,0,0,0,0,0,0,0,0,0,0,0,1,0,1,0,1,1,1,1,1,1,0,1,1,1,0,0,1,0,1,1,1
A270,1,1,1,1,1,1,1,1,0,1,0,1,1,0,1,1,0,0,0,1,1,1,0,1,0,0,0,1,1,0,0,0,0,0,0,0,0,0,0
A271,0,0,0,0,0,0,0,1,0,0,0,0,0,0,0,1,0,1,1,0,0,1,0,1,1,0,1,1,0,1,1,1,1,1,1,0,1,1,1
A272,1,1,0,0,1,1,1,1,1,0,0,0,1,1,1,0,1,0,0,1,0,0,1,0,0,0,1,0,0,1,1,0,0,0,0,0,0,0,0
A273,0,0,0,0,0,0,0,0,0,0,1,0,0,1,1,1,1,0,1,1,1,0,1,0,1,1,1,0,1,1,1,1,1,0,1,0,1,1,1
A274,0,0,1,0,0,0,0,0,1,0,0,0,0,1,1,0,0,0,0,1,0,1,0,0,0,1,1,0,1,0,0,1,1,1,1,0,1,1,1
A275,0,0,0,0,0,0,0,0,1,0,0,0,0,0,0,0,1,1,0,1,0,0,1,0,0,1,1,0,1,1,1,1,0,0,1,0,1,1,1
A276,1,1,0,1,1,1,1,1,1,1,1,0,1,0,1,0,1,1,0,1,0,0,1,1,1,1,0,0,0,0,0,0,0,0,0,0,0,0,0
A277,1,1,1,1,1,0,0,1,1,1,1,1,1,1,1,0,1,0,1,1,0,1,1,0,0,0,0,0,1,0,0,0,1,0,0,0,0,0,0
A278,0,0,0,0,0,0,0,0,0,0,0,0,0,0,1,0,1,0,0,0,1,0,1,1,1,1,1,1,1,0,0,0,1,1,1,0,1,1,1
A279,1,1,1,1,1,1,1,1,1,1,1,0,1,1,1,1,1,1,0,1,0,0,0,0,0,1,0,0,0,0,0,0,0,0,0,0,0,0,0
A280,0,0,0,0,1,0,0,0,0,0,0,0,0,1,0,1,1,1,1,0,0,1,1,0,1,1,0,1,1,1,0,0,1,0,1,0,1,1,1
A281,0,0,1,0,0,0,0,0,1,0,0,0,0,0,1,0,0,1,0,0,0,0,0,0,1,1,1,0,0,1,1,1,1,1,1,0,1,1,1
A282,1,1,1,1,1,0,1,1,1,1,1,0,0,0,0,1,1,0,1,0,0,0,0,0,0,0,1,1,0,0,1,0,0,0,0,0,0,0,0
A283,0,0,0,1,1,0,0,1,0,0,0,1,0,0,0,1,0,1,0,1,0,1,0,0,0,0,0,1,1,1,1,1,1,1,1,0,1,1,1
A284,0,0,1,0,0,1,0,1,0,1,0,0,0,1,1,1,0,0,1,1,1,1,0,1,1,0,0,0,0,1,1,1,0,1,1,0,1,1,1
A285,1,1,1,1,1,1,1,1,1,1,1,0,0,0,0,1,1,0,1,1,1,1,0,1,0,0,1,0,1,0,0,1,1,0,0,0,0,0,0
A286,1,1,1,1,1,1,0,1,1,1,0,1,1,0,1,0,0,1,1,1,0,0,0,0,1,0,1,0,1,0,0,0,0,0,0,0,0,0,0
A287,0,0,0,0,0,1,1,0,0,1,0,0,1,0,0,0,1,1,0,0,0,0,1,0,0,1,0,1,1,1,1,1,1,0,1,0,1,0,1
A288,0,0,0,0,0,0,0,1,0,0,0,0,1,1,0,1,1,0,1,0,1,0,1,1,1,1,1,1,1,0,0,0,1,1,1,0,0,1,1
A289,1,1,1,1,0,1,1,1,0,1,1,1,1,1,0,0,1,1,1,1,0,1,1,0,0,0,0,0,0,0,0,0,0,1,0,0,0,0,0
A290,1,1,1,1,1,1,1,1,0,0,0,1,1,1,1,1,0,1,0,1,1,1,0,1,1,1,1,1,0,0,1,0,0,0,0,1,0,0,0
A291,0,0,0,0,0,0,0,0,0,0,1,0,0,0,0,0,1,0,0,1,1,1,1,1,0,1,1,1,1,1,1,1,1,1,1,0,1,1,1
A292,0,0,0,0,0,0,0,0,0,0,1,1,0,1,1,0,1,0,0,1,1,1,1,1,1,1,1,1,1,1,0,1,1,0,1,0,1,1,1
A293,0,0,0,0,0,0,1,0,1,0,1,0,0,0,1,1,1,0,0,1,0,1,1,1,0,1,0,1,1,1,1,0,1,1,1,0,1,1,1
A294,0,0,0,0,0,0,1,0,1,0,0,0,1,0,0,1,1,1,0,1,0,0,0,1,0,1,1,1,1,1,1,0,1,1,0,0,1,1,1
A295,1,1,1,1,1,1,1,1,1,1,1,1,1,1,1,1,1,0,1,0,0,0,0,1,0,0,0,0,1,0,0,0,0,0,0,0,1,0,0
A296,0,0,0,0,0,1,0,0,0,0,0,0,1,1,0,1,1,1,1,1,0,0,1,1,1,1,1,1,1,1,0,1,1,1,1,0,1,1,1
A297,1,1,1,1,1,1,0,1,1,0,0,0,1,1,1,1,1,1,1,1,1,1,0,1,1,1,0,0,1,0,0,0,0,1,0,0,0,0,0
A298,0,0,0,0,0,0,0,0,0,0,0,1,0,1,1,1,1,1,0,0,1,1,1,1,1,1,1,0,1,0,1,1,1,0,1,0,1,1,1
A299,0,0,0,0,0,0,0,0,0,1,0,1,0,0,0,1,1,0,0,0,0,0,1,1,1,1,1,1,0,1,1,0,1,1,1,0,1,1,1
A300,0,0,0,0,0,0,0,0,0,0,1,1,0,0,0,1,1,1,1,0,1,1,1,1,1,0,0,1,0,0,1,1,1,1,0,0,1,1,1
A301,1,1,1,1,0,1,1,0,0,1,1,1,1,0,1,1,1,1,0,0,1,0,0,1,0,0,1,0,1,0,0,0,0,0,0,0,0,0,0
A302,1,1,1,1,1,1,1,1,0,1,1,1,1,1,1,0,0,1,1,0,0,0,1,0,0,1,0,1,0,1,0,0,0,0,0,0,0,0,0
A303,1,1,1,1,1,1,1,0,1,1,0,1,1,0,0,0,1,1,1,1,0,0,1,0,0,0,1,0,0,0,0,1,0,0,0,0,0,0,0
A304,0,0,0,0,0,1,0,0,1,0,0,1,0,1,0,1,0,0,0,1,1,0,1,1,1,0,1,0,0,1,1,1,1,1,1,0,1,1,1
A305,1,1,1,1,1,1,1,1,0,1,1,1,1,0,1,1,0,1,0,0,0,1,1,0,0,1,0,0,1,1,0,0,0,0,0,0,0,0,0
A306,0,0,0,1,0,0,0,0,1,1,0,0,1,0,1,1,1,1,1,1,1,0,1,1,0,1,1,1,0,1,0,1,1,0,1,0,1,1,1
A307,0,0,1,0,0,0,0,0,0,0,0,1,0,0,1,0,1,0,0,1,0,1,1,1,1,1,1,0,0,1,1,1,1,1,1,0,1,1,1
A308,0,0,0,0,0,0,0,0,0,1,1,0,1,0,0,1,1,1,1,0,0,1,1,1,1,1,1,0,1,1,1,0,0,1,1,0,1,1,1
A309,1,1,1,1,1,1,1,1,0,1,1,0,0,1,0,1,0,0,0,0,1,0,0,1,1,0,0,0,0,0,0,0,0,0,0,0,0,1,0
A310,1,1,1,0,1,1,1,1,1,1,1,0,1,1,0,1,0,1,0,0,1,0,1,0,0,0,1,0,0,0,0,0,0,0,1,0,0,0,0
A311,1,1,1,1,1,1,1,0,1,1,1,0,0,0,1,1,1,1,0,1,0,1,1,0,0,0,0,0,0,0,0,0,0,1,1,0,0,0,0
A312,1,1,1,1,1,1,1,1,1,1,1,1,0,1,1,0,0,1,1,1,0,1,0,1,0,0,0,1,1,0,0,0,0,0,1,0,0,0,0
A313,1,1,1,1,1,1,1,1,0,1,1,0,0,1,1,1,1,1,1,1,1,0,1,0,0,0,1,0,0,0,0,1,0,0,0,0,0,0,0
A314,1,1,1,1,1,1,0,1,1,1,1,1,1,1,1,1,0,0,1,1,0,1,1,0,0,0,0,1,0,0,0,0,0,0,0,0,0,0,0
A315,0,0,0,0,0,0,0,0,0,0,1,1,0,1,0,1,0,1,1,1,1,1,1,0,0,0,1,1,1,1,1,1,1,1,1,0,1,1,1
A316,1,1,1,1,1,1,1,0,1,0,1,1,1,1,1,1,0,0,0,1,0,1,0,0,1,0,1,1,0,0,0,0,0,1,0,0,0,0,0
A317,0,0,0,0,1,0,0,0,0,0,0,0,1,1,0,0,0,0,0,1,0,1,1,1,0,1,1,1,1,0,1,1,1,1,0,0,1,1,1
A318,1,1,1,1,1,1,1,1,0,0,1,0,1,0,1,1,0,1,1,1,1,0,0,0,0,1,0,0,0,0,0,0,1,1,0,0,0,0,0
A319,0,0,0,1,0,0,0,0,1,0,0,1,1,0,1,0,0,0,1,1,1,1,1,0,0,0,0,1,1,0,1,1,1,1,0,0,1,0,1
A320,1,1,1,1,1,1,1,1,1,1,1,1,0,1,1,0,0,0,1,0,1,1,0,0,1,0,0,0,0,1,0,0,0,0,0,0,0,0,0
A321,0,0,0,0,0,0,0,0,0,1,1,0,0,0,0,1,0,0,0,1,1,1,0,1,0,0,1,0,0,1,1,1,1,1,1,0,1,1,1
A322,1,1,1,1,1,1,1,1,1,1,1,1,1,0,0,1,0,1,1,1,0,0,0,0,0,0,0,0,0,0,0,0,0,0,0,0,0,0,0
A323,0,0,0,1,0,0,0,0,0,0,1,0,0,0,1,1,0,0,1,0,0,1,1,0,1,1,0,0,1,1,1,1,1,1,1,0,1,1,1
A324,1,1,1,1,1,1,1,0,0,0,0,0,0,1,1,1,0,0,1,0,0,0,0,0,0,1,1,1,1,1,0,0,1,0,0,0,0,0,0
A325,1,1,1,0,1,1,1,1,0,1,1,0,1,1,1,1,1,1,0,0,1,1,0,0,1,0,0,0,0,0,0,1,0,0,1,0,0,0,0
A326,1,1,1,1,1,1,1,0,1,0,0,1,0,0,0,0,1,0,1,1,1,0,0,1,0,0,0,0,0,0,0,0,0,0,0,0,1,0,0
A327,1,1,1,1,1,1,1,1,0,1,0,1,0,0,1,1,1,0,0,0,0,1,1,0,1,0,0,0,1,0,0,0,0,0,0,0,0,0,0
A328,0,0,0,0,0,0,1,0,0,0,0,1,1,1,0,0,1,0,1,0,1,0,1,0,1,1,1,1,1,1,1,0,1,1,1,0,1,1,1
A329,1,1,1,1,1,1,1,1,0,1,0,1,1,1,1,1,1,0,1,0,0,0,0,1,0,0,0,1,0,0,0,0,0,0,0,0,0,0,0
A330,0,0,1,0,0,0,0,0,0,1,1,0,0,0,0,0,0,1,1,1,1,1,1,0,1,0,0,0,1,0,1,1,1,1,1,0,1,1,1
A331,1,1,1,0,1,1,1,0,1,1,0,1,0,0,1,1,1,1,1,0,0,0,0,0,0,0,1,0,0,0,0,0,0,0,0,0,0,0,0
A332,1,1,1,1,1,1,1,0,1,1,1,0,1,1,1,1,1,0,0,1,0,0,0,0,0,0,0,1,0,0,0,0,0,0,0,0,0,0,0
A333,0,1,0,1,0,0,0,0,0,0,0,0,0,0,0,0,1,0,1,1,0,1,0,1,0,0,1,0,1,1,0,1,0,1,1,0,1,1,1
A334,1,1,0,1,0,1,0,1,1,0,1,1,1,0,0,1,0,0,1,1,1,0,1,0,0,1,1,0,1,1,0,0,0,0,0,0,0,0,0
A335,1,1,1,0,1,1,1,0,0,0,1,1,1,1,1,0,0,1,0,0,0,0,1,1,0,0,0,0,0,0,0,0,0,0,0,1,0,0,0
A336,0,1,0,0,1,0,0,0,0,1,1,0,0,0,1,1,0,0,1,0,0,1,1,0,0,1,1,1,0,1,0,1,0,1,1,0,1,1,1
A337,0,0,0,0,1,0,0,0,0,0,1,0,0,0,1,1,1,0,1,0,0,0,1,1,1,0,1,0,1,1,1,0,1,1,0,0,1,1,1
A338,1,1,1,1,1,1,1,0,1,1,1,0,1,0,1,1,1,0,1,1,0,0,0,0,0,0,0,0,0,0,0,1,1,0,0,0,1,0,0
A339,1,1,1,1,1,1,1,0,1,1,1,1,1,1,1,0,1,0,0,0,1,1,0,1,0,0,0,0,0,1,0,0,0,0,0,0,0,1,0
A340,1,1,0,1,1,1,0,1,1,1,1,1,1,0,1,1,0,1,0,0,0,1,0,0,1,0,0,0,0,0,0,0,1,0,0,0,0,0,0
A341,1,1,1,1,1,1,1,1,1,1,1,0,0,1,1,1,1,1,1,0,0,1,0,0,1,0,0,0,1,0,0,0,0,0,0,0,1,0,0
A342,1,1,1,1,1,1,0,1,1,1,0,0,1,1,0,1,1,0,1,0,0,0,1,0,0,1,0,0,0,0,0,0,0,0,1,0,0,0,0
A343,1,1,1,1,1,1,1,1,1,1,1,0,1,0,0,0,0,1,1,0,0,1,1,0,0,0,1,0,0,1,0,0,0,0,0,0,0,0,0
A344,0,0,1,0,0,0,1,0,1,1,0,0,0,0,0,0,0,1,1,0,1,1,0,0,1,0,0,1,0,1,1,1,0,1,0,0,1,1,1
A345,1,0,1,1,1,1,1,1,0,1,1,1,0,1,1,0,0,0,1,0,0,1,0,1,0,0,0,0,1,0,0,0,1,0,1,0,0,0,0
A346,0,0,0,0,1,0,1,0,0,0,0,0,0,0,1,0,0,0,0,1,1,0,0,0,1,1,0,1,1,1,1,1,1,1,1,0,1,1,1
A347,0,0,0,1,0,0,1,0,0,0,0,0,0,0,0,1,1,1,1,1,1,1,0,0,0,1,1,1,1,1,1,1,0,1,0,0,1,1,1
A348,0,1,0,1,0,1,0,0,1,1,0,0,0,0,0,0,1,0,0,1,1,1,1,0,0,1,1,1,1,1,1,0,1,1,1,0,1,1,1
A349,0,0,0,0,0,0,0,0,1,0,1,0,0,0,0,0,0,0,0,0,0,1,1,0,0,1,1,1,1,1,0,1,1,1,1,0,1,1,1
A350,0,0,0,0,0,0,0,0,0,1,1,0,1,1,0,1,0,0,1,0,0,1,0,0,1,0,1,0,1,1,1,1,1,1,1,0,1,1,1
A351,1,1,1,1,1,1,1,1,1,1,0,0,1,1,1,0,1,0,0,1,0,1,1,0,0,0,0,0,1,0,0,0,0,1,0,0,0,0,0
A352,1,1,0,1,1,1,1,1,1,0,0,1,0,1,1,0,1,0,1,1,0,1,1,0,0,1,0,0,0,0,0,0,0,0,0,1,1,0,0
A353,1,1,1,1,1,1,1,0,1,1,1,0,0,1,1,0,0,0,0,1,1,1,0,1,0,0,1,0,0,0,0,0,0,0,0,0,0,0,0
A354,0,0,0,1,0,0,0,0,0,0,1,1,1,0,0,0,1,0,1,1,1,1,1,1,1,0,1,1,1,1,1,1,1,1,1,0,0,1,1
A355,1,1,0,1,1,1,1,1,1,1,1,0,1,0,1,1,1,1,0,0,0,1,0,0,0,1,0,0,0,0,0,0,0,0,0,0,0,0,0
A356,0,0,0,0,0,0,1,0,0,0,0,0,0,0,1,1,0,1,0,1,0,1,0,0,1,0,1,0,0,1,1,1,1,1,1,0,1,1,1
A357,0,0,1,0,0,0,0,0,0,0,1,0,0,1,0,1,0,1,1,1,0,1,1,0,0,0,1,1,1,0,1,1,1,1,1,0,1,1,1
A358,0,0,0,0,0,0,0,0,1,0,1,0,0,0,0,1,1,1,1,0,1,1,1,1,1,0,0,1,1,1,0,1,1,1,0,0,1,1,1
A359,0,0,0,0,0,0,0,1,0,1,0,0,0,0,0,0,1,1,1,1,0,0,1,0,1,1,1,1,1,1,1,1,0,1,1,0,1,1,1
A360,0,0,0,0,0,0,0,0,0,1,0,0,0,0,0,1,1,0,1,0,1,1,1,0,1,1,1,1,1,1,1,1,0,1,1,0,1,1,1
A361,1,1,1,1,1,1,1,1,0,0,0,1,1,1,1,1,1,0,0,0,0,0,1,0,1,1,1,1,0,1,1,0,1,1,0,0,0,0,0
A362,0,0,1,0,0,0,0,0,1,0,0,0,1,0,1,1,0,0,1,1,1,0,0,0,0,0,0,1,0,1,1,1,1,1,1,0,1,1,1
A363,0,0,0,0,0,0,0,0,0,0,0,0,1,1,0,0,1,0,0,0,1,1,0,0,1,1,0,0,1,1,0,0,1,0,0,0,1,0,1
A364,0,0,0,0,0,0,0,0,0,0,1,0,0,1,0,0,1,0,1,0,0,1,1,0,1,1,1,1,1,1,0,1,1,0,1,0,1,1,1
A365,1,1,1,1,1,1,1,1,1,1,0,1,1,0,1,1,1,0,1,1,0,0,0,0,1,0,0,0,0,0,0,1,0,0,0,0,0,0,0
A366,0,0,0,0,0,0,1,0,0,1,0,0,0,1,0,1,0,0,0,1,1,1,0,1,0,1,0,1,1,1,0,1,1,0,1,0,1,1,1
A367,1,1,0,0,0,1,1,1,1,0,1,1,1,1,0,0,0,1,0,0,1,0,0,0,1,1,0,1,0,0,0,1,0,0,0,0,0,0,0
A368,1,1,1,1,1,1,1,1,0,1,1,0,1,1,0,1,1,0,0,0,0,1,0,0,0,1,0,0,0,1,0,0,0,1,0,0,0,0,0
A369,0,0,0,0,0,0,1,0,0,1,1,0,1,0,0,0,0,0,1,0,0,1,1,1,1,1,0,1,1,1,0,1,1,1,1,0,1,1,1
A370,1,1,1,1,0,1,1,1,0,1,1,0,0,0,1,0,0,0,0,0,1,0,1,1,1,0,0,0,0,1,1,0,0,0,0,0,0,0,0
A371,1,1,1,1,1,1,1,1,0,0,1,1,1,0,0,0,1,1,0,1,1,1,1,0,1,0,0,1,0,0,0,0,0,0,1,0,0,0,0
A372,1,1,1,1,1,1,1,1,1,1,1,1,1,1,1,1,0,1,1,0,0,0,1,1,0,0,0,0,0,0,0,0,0,0,0,0,1,0,0
A373,1,1,1,1,1,1,1,1,1,1,1,0,1,0,0,1,0,0,1,0,0,1,1,1,0,0,0,0,0,0,0,0,0,0,1,0,0,0,0
A374,1,1,1,0,0,1,1,1,1,0,1,0,1,1,0,1,1,0,1,0,0,0,0,0,1,0,1,0,0,1,0,0,0,1,0,0,0,0,0
A375,1,1,1,1,1,0,1,1,1,1,1,0,0,1,1,0,0,0,0,0,1,0,0,0,0,0,1,0,0,0,0,0,0,0,0,0,1,0,0
A376,0,0,1,0,0,0,0,0,1,0,0,0,0,1,1,1,0,0,0,1,0,1,0,1,1,1,1,1,0,1,1,1,1,1,1,0,1,1,1
A377,0,0,0,0,0,0,0,0,1,0,0,1,0,0,0,0,1,0,1,0,1,1,1,0,0,1,1,1,1,0,1,1,1,1,1,0,1,1,1
A378,0,0,0,0,0,0,1,0,0,1,0,0,0,0,0,0,0,1,0,1,0,1,1,0,1,1,1,1,1,1,1,1,1,1,1,0,1,1,1
A379,0,0,0,0,0,0,0,0,0,0,1,1,1,1,0,0,1,0,0,0,0,0,1,0,1,1,1,0,0,1,1,1,1,1,1,0,1,1,1
A380,0,0,0,1,0,0,0,0,1,0,1,1,1,0,0,0,0,0,0,0,0,1,1,1,1,1,1,1,1,1,1,1,1,1,1,0,1,1,1
A381,0,0,0,0,0,0,0,0,0,0,0,1,0,0,1,0,0,0,1,1,0,0,0,1,1,1,1,0,1,1,1,1,0,1,1,0,1,1,1
A382,1,1,1,0,1,0,1,1,1,1,0,0,1,0,1,0,1,0,1,0,0,1,1,0,0,1,1,0,0,1,0,0,0,0,0,0,0,0,0
A383,1,1,1,1,1,1,1,1,1,1,1,1,1,1,1,1,0,1,1,1,0,0,1,1,0,0,1,0,0,1,0,1,0,1,0,0,0,0,0
A384,1,1,1,1,1,1,1,1,1,0,1,1,1,1,1,1,0,0,0,1,1,0,0,1,0,1,0,0,1,0,0,0,0,0,0,0,0,0,0
A385,1,1,0,1,1,1,0,1,1,1,0,0,1,0,1,1,0,1,0,1,1,1,0,0,0,0,0,0,0,0,1,0,0,0,0,0,1,0,0
A386,0,0,1,0,0,1,0,0,1,0,0,0,1,1,0,0,1,0,0,1,1,1,1,1,1,1,1,1,0,1,1,1,1,1,1,0,1,1,1
A387,0,0,0,0,0,1,0,0,0,0,0,0,1,1,1,0,0,1,0,1,1,1,1,0,0,1,0,0,1,1,1,1,1,1,0,0,1,1,1
A388,1,1,1,1,1,0,1,1,0,0,1,0,0,1,1,1,1,1,1,0,0,0,1,1,1,1,0,0,0,0,0,0,0,0,0,0,0,0,0
A389,0,0,0,0,0,0,0,0,0,0,1,0,1,0,0,1,0,1,0,1,1,0,0,0,1,1,0,1,1,1,1,1,1,1,1,0,1,0,1
A390,0,0,0,0,0,0,0,0,0,0,1,1,0,0,0,0,1,0,1,1,1,0,1,1,0,1,1,1,1,1,1,0,0,1,1,0,1,1,1
A391,1,1,1,1,1,1,0,0,1,0,1,0,1,1,1,0,1,0,1,1,1,0,1,0,1,1,0,0,0,0,1,0,0,0,0,0,0,0,0
A392,1,1,1,1,1,1,1,1,1,1,0,1,1,0,1,1,1,0,1,1,1,0,1,0,1,0,0,1,0,0,1,0,0,0,0,0,0,0,0
A393,1,1,1,1,0,1,0,1,0,1,1,1,0,1,1,1,0,0,1,1,0,1,0,1,0,0,0,1,0,1,0,0,0,0,0,0,0,0,0
A394,0,0,0,1,0,0,0,0,0,0,0,0,1,1,1,1,1,1,1,1,0,1,1,0,1,1,1,1,1,1,1,1,1,1,1,0,1,1,1
A395,0,0,1,0,1,0,0,0,0,0,0,0,1,0,1,0,1,1,1,1,0,1,0,0,1,0,1,1,1,1,1,1,1,1,1,0,1,1,1
A396,1,1,1,1,1,1,1,0,0,0,1,1,0,1,1,1,1,0,0,0,0,0,0,0,0,0,0,0,1,0,0,1,0,0,0,0,0,0,0
A397,0,0,0,0,0,0,0,0,0,0,0,0,0,0,0,1,0,0,1,1,0,0,1,0,1,1,1,1,1,1,1,1,0,1,1,0,1,1,1
A398,0,0,0,0,0,0,0,1,1,0,0,0,0,1,0,0,0,0,0,1,1,0,0,0,1,1,0,1,1,1,0,1,1,1,1,0,1,1,1
A399,0,0,0,0,1,0,0,1,0,0,0,0,1,0,1,0,1,0,0,1,0,1,1,0,1,1,1,0,1,1,1,0,0,1,1,0,1,1,1
A400,1,1,1,1,1,1,1,1,1,1,0,0,1,1,0,1,0,0,1,1,0,0,1,0,1,0,1,0,0,0,1,1,0,0,0,0,0,0,0
A401,1,1,0,1,1,1,1,1,1,1,1,0,1,0,1,1,1,0,1,1,0,0,0,1,0,0,0,0,1,0,1,0,0,0,0,0,0,0,0
A402,1,1,1,1,1,0,0,1,1,1,1,1,1,1,1,1,0,0,0,0,0,1,0,0,0,1,1,0,0,0,0,0,0,0,0,1,0,0,0
A403,0,0,0,0,0,0,0,0,0,0,0,0,0,1,0,0,0,1,0,0,1,1,0,1,1,0,0,1,1,1,1,1,0,0,1,0,1,1,1
A404,1,1,1,1,1,1,1,1,1,1,1,1,1,0,0,1,1,0,0,1,1,1,0,0,0,0,0,1,1,0,0,0,0,1,0,0,0,0,0
A405,1,1,1,1,1,1,1,0,1,1,0,1,0,1,1,0,1,0,1,1,0,1,1,1,0,0,0,0,0,0,0,0,0,1,0,0,0,0,0
A406,1,1,1,0,0,1,1,1,1,1,1,1,1,0,1,1,1,1,1,1,0,0,0,0,0,0,0,0,1,0,0,0,0,0,0,0,0,0,0
A407,1,1,1,0,1,1,1,1,1,1,1,1,1,0,0,1,0,1,1,0,0,0,0,0,1,0,0,1,0,0,0,0,0,0,0,0,0,0,0
A408,1,0,0,1,0,0,0,0,0,0,1,0,0,0,0,0,0,0,0,1,1,0,0,1,1,0,1,1,1,1,0,0,1,1,1,0,1,0,1
A409,1,1,1,0,1,1,1,0,1,1,1,1,0,0,0,0,1,1,0,1,1,0,0,0,0,1,0,1,1,0,0,0,0,0,0,1,0,0,0
A410,0,0,0,0,0,0,0,0,0,0,1,0,1,0,0,0,0,1,0,1,1,1,1,1,1,0,1,1,1,1,0,1,1,1,1,0,1,1,1
A411,0,0,0,1,0,0,0,0,0,0,1,0,0,0,1,1,1,0,1,0,0,1,1,0,1,0,0,1,1,1,0,1,1,0,1,0,1,1,1
A412,1,1,1,1,1,1,1,1,1,1,1,1,1,1,1,1,1,1,1,1,0,0,0,0,0,0,0,0,0,0,1,1,1,1,0,0,0,0,0
A413,1,1,1,0,1,1,0,1,1,1,0,0,1,1,0,0,0,1,0,0,0,0,0,0,0,0,0,0,0,0,0,1,0,0,0,0,0,0,0
A414,1,1,1,1,1,1,0,0,0,1,0,0,0,1,0,1,1,1,0,1,1,1,0,1,1,1,0,0,0,0,0,1,0,0,0,0,0,0,0
A415,1,1,1,0,1,1,1,0,1,1,1,1,0,1,1,1,1,1,1,0,0,0,1,0,1,1,1,1,0,1,0,0,0,0,0,0,0,0,0
A416,0,0,0,0,0,0,0,0,0,0,1,0,0,1,0,0,0,0,1,1,1,1,0,0,1,1,0,0,0,1,0,0,0,0,1,0,1,1,1
A417,0,0,0,0,0,0,0,0,0,1,0,1,0,1,0,0,1,1,1,1,0,0,1,1,1,0,1,1,0,0,1,0,1,0,1,0,1,1,1
A418,0,0,0,0,0,0,0,0,0,0,0,0,0,0,0,1,0,1,0,1,1,0,1,1,1,0,0,1,1,1,1,1,1,1,1,0,1,1,1
A419,0,0,0,0,0,0,0,0,0,0,0,1,1,0,0,0,0,0,0,0,0,0,1,1,1,0,1,0,0,1,1,1,1,1,0,0,1,0,1
A420,0,0,0,0,0,0,0,1,0,0,1,0,0,1,0,0,1,0,0,1,1,0,0,1,1,1,1,0,1,1,1,1,1,1,0,0,1,1,1
A421,0,0,0,0,0,0,1,0,0,1,0,0,1,0,0,0,0,0,0,1,0,1,0,1,0,0,1,0,1,1,0,0,1,0,1,0,1,1,1
A422,1,1,1,0,1,1,1,0,0,1,1,0,1,0,1,0,1,0,1,1,0,1,0,1,0,0,0,1,0,0,1,0,0,1,0,0,0,0,0
A423,0,0,1,0,0,0,0,0,0,0,1,0,0,1,0,1,0,0,0,1,1,0,1,1,1,1,1,0,1,0,1,1,0,1,1,0,1,1,1
A424,0,0,0,1,0,0,1,0,0,1,0,0,0,0,0,0,1,1,1,1,1,1,1,0,0,0,0,1,1,1,1,1,1,1,1,0,1,1,1
A425,0,0,0,0,0,0,0,0,0,0,0,0,0,1,0,0,1,1,0,0,0,1,0,0,1,0,1,0,1,0,0,1,1,1,1,0,1,1,1
A426,0,0,0,0,0,0,0,1,0,1,0,0,1,0,1,0,0,0,0,1,0,0,0,1,1,1,0,0,1,1,1,1,1,1,1,0,1,1,1
A427,1,1,1,1,1,1,1,1,1,1,1,1,1,1,0,1,1,1,1,1,1,1,1,0,1,0,0,1,0,0,0,0,0,0,0,0,1,0,0
A428,0,0,0,0,0,0,0,1,0,0,1,0,0,0,1,0,1,0,1,1,1,1,1,0,1,1,1,1,1,1,1,1,1,1,1,0,1,1,1
A429,0,0,0,0,0,0,1,0,0,1,1,0,0,1,0,0,1,1,1,1,0,1,0,1,0,0,1,1,1,1,1,1,1,1,1,0,1,1,1
A430,0,0,0,0,0,0,0,0,1,1,0,1,0,0,0,0,1,1,0,1,0,1,1,0,1,0,1,1,1,1,1,1,1,1,1,0,1,1,1
A431,0,0,1,0,0,1,1,0,1,0,0,0,0,0,0,1,1,1,0,1,0,1,0,0,1,1,1,0,0,1,0,1,1,1,1,0,1,1,1
A432,0,0,0,0,0,1,0,1,1,0,0,0,0,0,0,0,1,0,0,1,0,0,0,1,0,0,0,1,1,1,1,0,1,1,1,0,1,1,1
A433,0,0,0,0,0,0,0,0,0,1,1,1,0,1,1,0,0,1,1,0,1,0,1,0,0,1,1,0,0,1,1,1,1,1,1,0,1,1,1
A434,0,0,0,0,0,0,1,0,0,1,0,0,0,1,1,1,1,1,0,1,0,0,1,1,1,1,1,1,0,1,1,0,1,1,0,0,1,1,1
A435,1,1,1,0,1,1,1,1,1,0,1,0,0,1,1,0,1,0,1,1,0,1,1,1,0,1,0,0,1,0,0,0,0,0,0,0,0,0,0
A436,1,1,1,1,1,0,1,1,1,1,1,0,1,1,1,1,0,1,0,0,1,1,0,0,1,0,0,1,0,1,1,0,1,0,0,0,0,0,0
A437,1,1,0,1,1,1,1,1,0,1,1,1,1,0,1,1,0,1,0,0,0,0,1,0,0,0,1,0,1,0,0,0,1,0,0,0,0,0,0
A438,0,0,0,0,0,0,1,0,0,0,1,0,0,0,0,0,0,1,0,0,0,0,0,1,1,1,1,0,1,1,1,0,1,1,1,0,1,1,1
A439,1,1,1,1,1,1,1,1,1,1,1,1,0,1,1,1,1,1,0,1,1,0,0,0,1,0,1,0,0,0,0,0,0,0,0,0,0,0,0
A440,0,0,0,0,0,0,0,0,0,0,0,1,0,0,0,1,1,1,1,0,1,0,1,1,1,1,1,0,1,1,1,1,1,1,1,0,1,1,1
A441,0,1,1,1,1,1,1,1,1,1,1,1,1,1,1,0,0,0,0,1,1,1,0,0,0,0,0,0,1,0,0,0,0,0,1,0,0,0,0
A442,1,1,1,1,1,1,1,1,1,1,1,0,0,1,0,0,1,1,1,1,1,0,0,0,1,0,1,0,0,0,0,0,0,0,1,0,0,0,0
A443,1,1,1,1,1,1,0,1,1,1,0,0,0,1,1,0,0,1,1,0,1,0,0,0,0,0,0,0,1,1,0,1,0,1,0,0,0,0,0
A444,1,1,0,1,1,1,0,1,1,1,1,1,1,1,1,1,1,1,1,0,0,1,0,0,0,0,0,0,1,0,0,0,0,0,0,0,0,0,0
A445,0,0,0,0,1,0,0,0,0,0,0,0,1,0,0,1,1,1,0,1,1,0,0,1,1,0,1,1,1,1,0,1,0,1,1,0,1,1,1
A446,0,0,0,1,0,0,0,0,0,1,0,0,0,0,0,0,1,0,0,1,1,1,1,0,1,1,1,0,1,1,1,1,0,1,1,0,1,1,1
A447,0,0,0,0,0,0,1,0,0,0,0,0,0,0,0,0,0,1,1,0,1,0,1,0,1,1,1,1,1,0,1,1,1,1,1,0,1,1,1
A448,1,1,1,1,1,1,1,1,1,1,1,1,0,0,1,1,1,1,0,0,0,0,1,0,0,1,0,0,0,0,0,0,0,0,0,0,0,0,0
A449,0,0,0,1,0,0,0,0,0,1,0,0,0,0,0,1,0,1,1,0,1,1,1,0,1,1,0,1,1,0,0,1,1,1,0,0,1,1,1
A450,1,1,1,1,1,1,0,1,1,1,1,1,1,1,1,1,0,1,0,0,1,0,0,1,0,0,1,0,0,0,0,1,0,0,0,0,0,0,0
A451,1,1,1,1,1,1,0,1,1,1,1,1,1,1,1,0,1,1,0,1,0,0,1,1,0,1,0,0,0,0,0,0,0,0,0,0,0,0,0
A452,0,0,0,0,0,1,0,0,0,1,1,1,1,0,0,0,0,0,1,0,1,1,1,1,1,1,1,0,1,0,1,1,1,1,1,0,0,1,1
A453,0,0,0,0,0,0,0,0,0,0,0,0,0,1,1,1,1,1,0,1,0,0,0,0,0,1,1,0,0,1,0,1,1,1,1,0,1,1,1
A454,1,1,1,1,1,1,1,1,1,1,0,1,0,0,1,1,0,1,0,0,1,0,0,1,1,1,1,1,0,1,0,0,0,0,0,0,0,0,0
A455,1,1,1,1,0,1,1,1,1,1,1,1,1,0,1,1,1,1,1,0,1,0,0,0,0,1,1,1,0,0,0,0,1,1,0,0,0,0,0
A456,0,0,0,0,0,0,0,0,0,0,0,0,0,1,0,0,1,1,1,0,0,1,1,1,1,0,1,1,1,0,1,0,1,1,1,0,1,1,1
A457,0,0,0,0,0,0,0,1,0,1,0,0,0,0,0,0,0,1,1,1,0,0,1,1,1,1,1,1,1,0,1,1,1,1,1,0,1,1,1
A458,1,1,1,0,0,1,1,1,0,0,1,1,1,1,0,1,0,0,1,0,0,0,0,1,0,1,0,1,0,0,0,0,0,0,1,0,0,1,0
A459,0,0,0,0,0,0,0,0,0,1,1,1,1,0,1,0,0,1,1,1,0,0,0,1,0,1,1,1,1,1,1,1,1,1,1,0,1,1,1
A460,1,1,1,1,1,1,1,1,1,1,1,1,1,0,0,1,0,1,1,1,1,0,1,1,1,0,0,0,1,0,0,1,0,0,0,0,0,0,0
A461,1,1,0,1,1,1,1,1,1,1,1,1,1,0,1,0,1,1,1,0,1,1,1,0,0,1,1,0,1,0,1,1,0,0,0,0,0,0,0
A462,0,0,1,0,0,0,0,0,0,0,0,0,1,0,0,1,1,1,1,1,0,1,0,0,1,1,0,0,1,1,1,1,1,1,1,0,1,1,1
A463,0,0,0,0,1,0,0,0,0,0,0,0,0,1,0,0,0,1,0,0,0,1,1,1,1,0,1,1,1,1,1,1,1,1,1,0,1,1,1
A464,1,1,0,1,0,1,1,1,0,1,1,1,1,0,0,1,1,1,0,0,0,0,1,0,1,1,0,1,0,0,1,0,0,0,0,0,0,0,0
A465,0,0,0,0,0,0,0,0,0,0,1,1,0,0,0,1,0,0,1,1,1,1,1,1,0,0,1,1,1,1,0,1,1,1,1,0,1,1,1
A466,1,1,1,1,1,0,1,1,1,1,1,0,1,1,1,1,0,0,1,1,0,0,1,0,0,1,0,1,0,0,0,1,0,0,0,0,0,0,0
A467,0,0,0,1,0,1,0,1,0,1,0,0,1,1,0,0,1,1,0,1,0,0,1,0,0,1,1,1,0,1,1,0,0,1,0,0,1,1,1
A468,0,0,0,0,0,0,0,0,0,0,0,0,1,0,0,1,0,1,1,1,1,0,1,0,1,0,1,1,0,0,1,1,0,1,1,0,1,1,1
A469,1,1,1,1,1,1,1,1,1,1,1,1,0,0,1,0,1,1,0,0,0,0,0,0,1,0,0,0,0,0,1,0,0,0,0,1,0,0,0
A470,1,1,1,1,1,1,1,1,1,1,1,1,0,0,0,0,1,0,0,1,1,1,1,0,0,1,1,1,1,0,0,0,0,0,0,0,0,0,0
A471,0,1,0,0,0,0,0,0,0,0,0,0,0,0,1,0,1,1,1,1,1,0,0,0,1,1,1,1,1,1,1,1,1,1,1,0,1,1,1
A472,1,1,1,1,1,1,1,1,1,0,0,1,1,0,1,1,0,0,0,0,1,0,0,0,0,0,0,0,0,0,0,1,0,0,1,0,0,0,0
A473,1,1,1,0,1,0,1,0,1,1,1,1,1,1,0,1,1,1,1,0,1,0,0,1,0,0,1,0,1,0,1,0,1,0,1,0,0,0,0
A474,1,1,1,1,1,1,1,1,1,0,1,0,0,1,1,0,1,1,1,1,1,0,0,1,0,0,0,0,0,1,0,0,0,0,0,0,0,0,0
A475,1,1,1,1,1,1,1,1,0,0,1,1,0,1,0,0,1,0,1,0,0,0,1,1,1,0,0,1,0,0,1,1,0,0,0,0,0,0,0
A476,1,1,1,1,1,0,0,1,1,0,1,0,0,1,0,1,0,1,0,1,0,1,0,0,1,0,1,0,0,0,0,0,0,0,0,1,0,0,0
A477,0,0,1,0,0,0,0,1,1,0,0,0,0,1,0,0,0,1,0,1,1,0,0,1,1,1,0,1,1,0,1,1,1,1,1,0,1,1,1
A478,1,1,1,1,1,1,1,1,1,0,1,1,1,1,0,1,1,1,0,0,0,1,0,1,0,0,0,0,0,0,0,0,0,0,0,1,0,0,0
A479,1,1,1,1,1,1,1,1,1,0,1,1,1,1,1,0,1,1,1,1,0,0,0,1,1,0,0,0,0,1,0,0,0,0,0,0,0,0,0
A480,1,1,1,1,1,1,1,1,0,1,0,0,1,1,0,0,0,0,0,1,0,1,1,0,1,0,0,1,1,0,1,0,0,0,0,0,0,0,0
A481,0,0,0,0,0,0,0,0,0,1,1,0,1,0,0,0,0,1,1,1,1,1,0,1,1,0,0,1,0,1,1,1,1,1,1,0,1,1,1
A482,0,0,1,0,1,0,0,1,0,0,1,1,1,0,0,0,0,1,1,1,0,1,1,1,0,0,1,1,1,1,1,1,1,1,1,0,1,1,1
A483,0,0,0,0,0,1,0,0,0,0,0,1,0,0,1,1,1,0,1,0,0,1,0,1,0,1,1,0,1,0,1,1,1,1,1,0,1,1,1
A484,1,1,1,1,1,1,1,1,1,1,1,0,1,0,1,0,0,1,1,1,1,0,0,0,0,0,0,1,0,0,1,0,0,0,0,0,0,0,0
A485,1,1,1,0,1,0,1,1,0,1,1,0,1,1,1,0,1,1,1,1,1,0,0,0,0,1,0,1,0,0,0,0,0,1,0,0,0,0,0
A486,1,1,1,1,1,1,1,1,1,1,1,1,0,0,1,0,0,1,1,0,1,1,0,1,0,1,0,0,0,0,0,0,0,0,0,0,0,0,0
A487,0,0,0,0,0,0,0,0,0,0,0,1,0,0,1,0,0,0,0,1,0,0,1,1,1,1,1,0,1,1,1,1,1,1,1,0,1,1,1
A488,1,1,1,1,1,1,1,1,1,1,1,1,1,1,0,0,1,1,1,1,1,1,0,0,0,0,0,1,0,1,0,0,1,0,0,0,0,0,0
A489,1,1,1,1,1,1,1,1,1,1,1,1,1,1,0,1,0,0,0,0,1,0,1,0,0,0,1,1,0,0,0,0,0,0,0,0,0,0,0
A490,1,1,1,1,1,1,0,1,1,1,1,1,1,0,0,0,1,1,0,0,1,0,1,0,1,0,0,0,0,0,1,0,0,0,0,0,0,0,0
A491,0,0,0,0,0,1,0,0,1,0,0,0,1,0,0,0,0,0,1,1,1,1,0,1,1,1,1,1,1,1,0,0,1,1,1,0,1,1,1
A492,1,1,1,1,1,1,0,1,1,1,1,0,1,1,1,0,0,1,1,0,0,1,0,0,1,1,1,0,0,0,0,0,0,0,0,0,0,0,0
A493,1,1,1,1,1,1,1,1,0,1,1,0,1,1,1,1,0,1,1,0,0,0,1,0,0,0,0,0,0,0,1,1,0,0,0,0,0,0,0
A494,0,0,0,0,0,1,0,1,0,0,0,0,0,0,0,0,0,1,0,1,0,1,1,0,1,1,0,1,1,1,1,0,1,1,1,0,1,1,1
A495,0,0,0,1,0,1,1,0,1,1,0,0,0,0,0,1,1,1,0,0,0,1,1,0,0,1,0,1,1,1,1,1,1,1,1,0,1,1,1
A496,0,0,0,1,0,0,0,0,0,0,1,0,1,0,0,1,1,0,0,1,0,1,0,1,1,1,0,0,1,1,1,1,1,1,0,0,1,1,1
A497,1,1,1,1,1,1,1,1,1,1,1,1,1,1,1,1,0,1,1,1,1,0,1,0,0,0,0,0,0,1,0,1,0,0,0,0,0,0,0
A498,1,1,1,1,1,1,1,0,1,1,1,1,1,1,1,1,1,0,1,1,0,0,0,1,0,1,0,1,1,0,0,0,0,0,0,0,0,0,0
A499,1,1,1,1,0,0,0,1,1,1,0,1,1,1,1,0,1,1,1,0,0,0,0,1,1,0,0,1,0,0,0,0,0,0,0,0,0,0,0
A500,0,0,0,1,0,1,0,0,0,0,0,0,0,0,0,1,1,1,1,1,0,0,0,0,1,1,1,0,1,1,0,1,1,1,1,0,1,1,1
